{"cameraMode":{"drawMode":0,"name":"Shaded","section":"Shading Mode"},"sceneLighting":false,"audioPlay":false,"sceneViewState":{"showFog":true,"showMaterialUpdate":false,"showSkybox":false,"showFlares":true,"showImageEffects":true,"showParticleSystems":true},"in2DMode":false,"pivot":{"x":-0.43577003479003909,"y":0.2744516134262085,"z":-0.4491727352142334},"rotation":{"x":-0.051549337804317477,"y":0.9392315149307251,"z":-0.1624922752380371,"w":-0.2979649007320404},"size":4.678557395935059,"orthographic":false}