{"cameraMode":{"drawMode":0,"name":"Shaded","section":"Shading Mode"},"sceneLighting":false,"audioPlay":false,"sceneViewState":{"showFog":true,"showMaterialUpdate":false,"showSkybox":false,"showFlares":true,"showImageEffects":true,"showParticleSystems":true},"in2DMode":false,"pivot":{"x":0.7360734939575195,"y":-2.4325034618377687,"z":-0.5396714210510254},"rotation":{"x":0.38082775473594668,"y":0.3670153021812439,"z":-0.16801434755325318,"w":0.8318901062011719},"size":7.423166275024414,"orthographic":false}