{"cameraMode":{"drawMode":0,"name":"Shaded","section":"Shading Mode"},"sceneLighting":false,"audioPlay":false,"sceneViewState":{"showFog":true,"showMaterialUpdate":false,"showSkybox":false,"showFlares":true,"showImageEffects":true,"showParticleSystems":true},"in2DMode":false,"pivot":{"x":-0.15060770511627198,"y":-0.6567527055740356,"z":-0.21415019035339356},"rotation":{"x":0.006649559363722801,"y":-0.8918388485908508,"z":-0.45211416482925417,"w":-0.013117479160428048},"size":6.918875217437744,"orthographic":false}