{"cameraMode":{"drawMode":0,"name":"Shaded","section":"Shading Mode"},"sceneLighting":false,"audioPlay":false,"sceneViewState":{"showFog":true,"showMaterialUpdate":false,"showSkybox":false,"showFlares":true,"showImageEffects":true,"showParticleSystems":true},"in2DMode":false,"pivot":{"x":552.9891357421875,"y":159.86444091796876,"z":-302.0283203125},"rotation":{"x":0.08511657267808914,"y":0.28004610538482668,"z":-0.024936409667134286,"w":0.9558805227279663},"size":1170.838623046875,"orthographic":false}