{"cameraMode":{"drawMode":0,"name":"Shaded","section":"Shading Mode"},"sceneLighting":false,"audioPlay":false,"sceneViewState":{"showFog":true,"showMaterialUpdate":false,"showSkybox":false,"showFlares":true,"showImageEffects":true,"showParticleSystems":true},"in2DMode":false,"pivot":{"x":-0.612964928150177,"y":-0.08236297219991684,"z":1.5313212871551514},"rotation":{"x":0.16592131555080415,"y":0.03696805238723755,"z":-0.0062240054830908779,"w":0.9854261875152588},"size":7.661416530609131,"orthographic":false}