{"cameraMode":{"drawMode":0,"name":"Shaded","section":"Shading Mode"},"sceneLighting":false,"audioPlay":false,"sceneViewState":{"showFog":true,"showMaterialUpdate":false,"showSkybox":false,"showFlares":true,"showImageEffects":true,"showParticleSystems":true},"in2DMode":false,"pivot":{"x":0.20571604371070863,"y":248.57235717773438,"z":336.8808288574219},"rotation":{"x":0.09257384389638901,"y":-0.31684255599975588,"z":0.03109019435942173,"w":0.9434375166893005},"size":3.1663026809692385,"orthographic":false}