{"cameraMode":{"drawMode":0,"name":"Shaded","section":"Shading Mode"},"sceneLighting":false,"audioPlay":false,"sceneViewState":{"showFog":true,"showMaterialUpdate":false,"showSkybox":false,"showFlares":true,"showImageEffects":true,"showParticleSystems":true},"in2DMode":false,"pivot":{"x":1630.771240234375,"y":784.5184326171875,"z":-425.74169921875},"rotation":{"x":0.08511657267808914,"y":0.28004610538482668,"z":-0.024936409667134286,"w":0.9558805227279663},"size":7653.84521484375,"orthographic":false}