{"cameraMode":{"drawMode":0,"name":"Shaded","section":"Shading Mode"},"sceneLighting":false,"audioPlay":false,"sceneViewState":{"showFog":true,"showMaterialUpdate":false,"showSkybox":false,"showFlares":true,"showImageEffects":true,"showParticleSystems":true},"in2DMode":false,"pivot":{"x":-0.25159740447998049,"y":0.4266586899757385,"z":0.15965032577514649},"rotation":{"x":0.08122123777866364,"y":-0.001498380326665938,"z":0.00012243888340890408,"w":0.9966949820518494},"size":3.166271448135376,"orthographic":false}